"Samerth","Patel","00000001"
"harshil","patel","00000003"
"parul","patel","00000005"
"cookie","monster","00002345"
"Tony","stark","00005555"
"John","Ryan","00067985"
"Pratham","Patel","00069890"
"Tony","stark","00089532"
"Charles","Melton","01234567"
"Skeet","Ulrich","09876543"
"Shannon","Purser","10987654"
"Cole","Sprouse","12345678"
"Nathalie","Boltt","21098765"
"Lili","Reinhart","23456789"
"Molly","Ringwald","32109876"
"Camila","Mendes","34567890"
"Drew","Tanner","43210987"
"KJ","Apa","45678901"
"Ross","Butler","54321098"
"Madelaine","Petsch","56789012"
"Jordan","Connor","65432109"
"Casey","Cott","67890123"
"Mark","Consueios","76543210"
"Vanessa","Morgan","78901234"
"Marisol","Nichols","87654321"
"Ashleigh","Murray","89012345"
"Luke","Perry","90123456"
"Madchen","Amick","98765432"
