"Travis","Tanner","Trav@123","00101010","6091010101","Travis@ppp.com"
"Daniel","Hardman","Dani@123","00111111","6091111111","Daniel@ppp.com"
"Sheila","Sazs","Shei@123","00222222","6092222222","Sheila@ppp.com"
"Jenny","Griffith","Jenn@123","00333333","6093333333","Jenny@ppp.com"
"Trevor","Dunno","Trev@123","00444444","6094444444","Trevor@ppp.com"
"Harold","Gunderson","Haro@123","00555555","6095555555","Harold@ppp.com"
"Robert","Zane","Robe@123","00666666","6096666666","Robert@ppp.com"
"William","Sutter","Will@123","00777777","6097777777","William@ppp.com"
"Dana","Scott","Dona@123","00888888","6098888888","Dona@ppp.com"
"Alex","Williams","Alex@123","00999999","6099999999","Alex@ppp.com"
"Samantha","Wheeler","Sama@123","10101010","7321010101","Samantha@ppp.com"
"John","Doe","John@123","11111111","7321111111","John@ppp.com"
"Jane","Doe","Jane@123","22222222","7322222222","Jane@ppp.com"
"Harvey","Specter","Harv@123","33333333","7323333333","Harvey@ppp.com"
"Michael","Ross","Mich@123","44444444","7324444444","Michael@ppp.com"
"Donna","Paulsen","Donn@123","55555555","7325555555","Donna@ppp.com"
"Rachel","Zane","Rach@123","66666666","7326666666","Rachel@ppp.com"
"Louis","Litt","Loui@123","77777777","7327777777","Louis@ppp.com"
"Jessica","Pearson","Jess@123","88888888","7328888888","Jessica@ppp.com"
"Katrina","Bennett","Katr@123","99999999","7329999999","Katrina@ppp.com"
